Date,NER,RER,Fedfunds,PPI,Indpro,Borrow
1/1/1964,138.91,146.62,3.48,39.9,27.8086,0.2743
2/1/1964,138.93,146.14,3.48,39.1,27.9972,0.2863
3/1/1964,138.9,145.93,3.43,39.4,27.9972,0.2777
4/1/1964,138.94,145.14,3.47,39.1,28.4553,0.211
5/1/1964,143.83,149.19,3.5,38.8,28.617,0.2601
6/1/1964,143.87,150.11,3.5,38.6,28.6978,0.2685
7/1/1964,143.9,150.41,3.42,39,28.8865,0.2635
8/1/1964,143.83,149.24,3.5,38.7,29.0751,0.3147
9/1/1964,143.65,148.46,3.45,39.6,29.1829,0.3453
10/1/1964,143.63,147.39,3.36,38.8,28.7787,0.3213
11/1/1964,143.54,147.67,3.52,38.9,29.6679,0.4004
12/1/1964,143.33,147.15,3.85,38.4,30.0182,0.2638
1/1/1965,143.28,146.09,3.9,38.5,30.3416,0.2998
2/1/1965,143.37,146.04,3.98,39.1,30.5302,0.4046
3/1/1965,143.78,146.4,4.05,39.5,30.9344,0.4111
4/1/1965,143.87,145.66,4.09,40.4,31.0691,0.4715
5/1/1965,144.17,145.51,4.1,40.7,31.3116,0.4951
6/1/1965,144.27,146.06,4.05,41.5,31.5541,0.5371
7/1/1965,144.46,146.31,4.09,41.4,31.8506,0.5282
8/1/1965,144.35,145.75,4.12,41,31.9853,0.5472
9/1/1965,144.25,144.94,4.02,41.2,32.0661,0.554
10/1/1965,144.17,144.89,4.08,41.1,32.3895,0.488
11/1/1965,144.06,144.65,4.1,41.5,32.5242,0.4317
12/1/1965,144.06,144.44,4.32,42.6,32.9284,0.4437
1/1/1966,144.06,143.67,4.42,43.2,33.2518,0.42
2/1/1966,144.22,144.03,4.6,44.4,33.4674,0.4817
3/1/1966,144.2,144.12,4.66,44.2,33.9254,0.5604
4/1/1966,144.33,144.05,4.67,44,33.9793,0.6366
5/1/1966,144.3,143.79,4.9,43.2,34.3027,0.6875
6/1/1966,144.28,143.75,5.17,43.1,34.4643,0.7073
7/1/1966,144.2,143.85,5.3,44.6,34.653,0.7412
8/1/1966,144.2,144.64,5.53,44.7,34.6799,0.7351
9/1/1966,144.28,143.82,5.4,45,35.0033,0.7687
10/1/1966,144.38,144.3,5.53,43.2,35.2458,0.7343
11/1/1966,144.43,144.6,5.76,42.4,35.0033,0.6071
12/1/1966,144.47,143.96,5.4,42.1,35.0841,0.5325
1/1/1967,144.37,143.08,4.94,42.5,35.2496,0.4095
2/1/1967,144.33,142.66,5,41.8,34.8498,0.3636
3/1/1967,144.32,142.69,4.53,41.3,34.6534,0.2004
4/1/1967,144.28,142.47,4.05,40.4,34.9802,0.1461
5/1/1967,144.24,142.83,3.94,41.7,34.675,0.0893
6/1/1967,144.22,142.95,3.98,42.4,34.6707,0.1057
7/1/1967,144.21,142.97,3.79,42.5,34.5918,0.1149
8/1/1967,144.21,142.58,3.9,41.1,35.2545,0.0807
9/1/1967,144.18,142.05,3.99,40.7,35.1972,0.0885
10/1/1967,144.42,142.22,3.88,40.2,35.4839,0.1287
11/1/1967,145.09,143.1,4.13,39.9,35.9914,0.1316
12/1/1967,146.68,144.17,4.51,41,36.379,0.2277
1/1/1968,146.95,144.28,4.61,41,36.3399,0.2462
2/1/1968,147.03,144.54,4.71,41.9,36.4701,0.3726
3/1/1968,146.96,144.61,5.05,42.3,36.5839,0.6594
4/1/1968,146.83,144.29,5.76,42.3,36.6369,0.6851
5/1/1968,146.8,144.56,6.12,42.9,37.0478,0.7409
6/1/1968,146.84,145.16,6.07,42.4,37.1839,0.6937
7/1/1968,146.63,145.3,6.03,43,37.1269,0.5271
8/1/1968,146.55,144.89,6.03,42,37.2305,0.5646
9/1/1968,146.5,144.48,5.78,42.5,37.3715,0.5035
10/1/1968,146.5,144.85,5.91,41.9,37.4457,0.4429
11/1/1968,146.48,144.72,5.82,42.7,37.9301,0.5447
12/1/1968,146.5,145.35,6.02,42.8,38.0499,0.7458
1/1/1969,146.53,145.05,6.3,43.4,38.2801,0.7359
2/1/1969,146.63,145.61,6.61,43.5,38.525,0.8353
3/1/1969,146.76,146.2,6.79,44.1,38.8271,0.9016
4/1/1969,146.77,146.02,7.41,43.9,38.6842,1.0034
5/1/1969,146.87,146.34,8.67,45.9,38.538,1.3745
6/1/1969,146.96,146.86,8.9,46.2,38.9145,1.3847
7/1/1969,147.1,146.86,8.61,46,39.12,1.252
8/1/1969,147.5,147.15,9.19,45.1,39.2099,1.2186
9/1/1969,147.57,146.89,9.15,44.9,39.2011,1.0795
10/1/1969,146.77,145.71,9,44.6,39.2125,1.1499
11/1/1969,146.8,146.71,8.85,46,38.8429,1.2026
12/1/1969,146.74,146.69,8.97,46.4,38.7387,1.1187
1/1/1970,146.72,145.63,8.98,46.6,38.0213,0.9595
2/1/1970,146.72,145.92,8.98,47,37.9963,1.0803
3/1/1970,146.67,145.83,7.76,47.3,37.9469,0.8978
4/1/1970,146.61,146.02,8.1,46,37.8494,0.8452
5/1/1970,146.69,146.44,7.95,45.9,37.8053,0.9675
6/1/1970,145.64,146.21,7.61,46,37.683,0.8811
7/1/1970,145.57,146.13,7.21,46.8,37.7755,1.3598
8/1/1970,145.13,145.2,6.62,44.8,37.7081,0.8373
9/1/1970,144.95,144.78,6.29,46.3,37.4482,0.6003
10/1/1970,145.1,144.76,6.2,44.5,36.6991,0.4625
11/1/1970,145.04,145.33,5.6,44.1,36.4768,0.4148
12/1/1970,145.04,145.55,4.9,44.2,37.3145,0.3324
1/1/1971,144.81,143.78,4.14,44.9,37.6015,0.3644
2/1/1971,144.56,143.48,3.72,47,37.5299,0.3317
3/1/1971,144.54,143.31,3.71,46.6,37.4892,0.3187
4/1/1971,144.64,142.78,4.16,46.6,37.6998,0.1532
5/1/1971,144.38,142.92,4.63,47,37.8911,0.284
6/1/1971,144.86,143.84,4.91,47.9,38.05,0.4922
7/1/1971,145.58,144.26,5.31,46.8,37.9395,0.8232
8/1/1971,144.6,142.81,5.57,46.7,37.7193,0.8095
9/1/1971,142.06,139.51,5.55,45.6,38.3324,0.4947
10/1/1971,140.65,138.16,5.2,45.9,38.6193,0.3573
11/1/1971,140.3,137.9,4.91,46.3,38.7832,0.3836
12/1/1971,138.14,136.03,4.14,47.8,39.2309,0.126
1/1/1972,136.51,134.01,3.51,48.6,40.1688,0.0215
2/1/1972,135.08,132.46,3.3,49.8,40.5837,0.0328
3/1/1972,134.43,131.38,3.83,49.4,40.8655,0.098
4/1/1972,134.65,131.16,4.17,49.1,41.2656,0.1175
5/1/1972,134.54,130.88,4.27,50.4,41.2706,0.1114
6/1/1972,134.31,130.5,4.46,51.1,41.3786,0.1001
7/1/1972,134.98,131.04,4.55,52.8,41.3347,0.238
8/1/1972,134.96,130.06,4.81,52.9,41.9046,0.3878
9/1/1972,135.05,129.76,4.87,53.1,42.2284,0.5414
10/1/1972,135.42,130.56,5.05,51.8,42.7745,0.5552
11/1/1972,135.86,131.16,5.06,53.1,43.2795,0.6084
12/1/1972,136.26,130.94,5.33,56.7,43.7695,1.0499
1/1/1973,136.22,130.43,5.94,59.5,44.0847,1.1603
2/1/1973,130.63,125.09,6.58,62.3,44.7242,1.5933
3/1/1973,126.32,121.3,7.09,66.4,44.7435,1.8241
4/1/1973,127.14,121.32,7.12,66.3,44.6782,1.7114
5/1/1973,126.35,120.05,7.84,70.3,44.9741,1.8426
6/1/1973,124.29,118.19,8.49,75.2,45.0257,1.8508
7/1/1973,122.54,115.5,10.4,71.5,45.1952,1.9528
8/1/1973,124.11,117.83,10.5,88,45.1308,2.1648
9/1/1973,124.47,116.7,10.78,82.7,45.4862,1.8522
10/1/1973,123.99,115.92,10.01,77.7,45.8531,1.476
11/1/1973,127.34,118.51,10.03,75.9,46.0654,1.3928
12/1/1973,129.06,118.89,9.95,77.3,45.9344,1.2984
1/1/1974,133.64,120.53,9.65,83.6,45.6298,1.051
2/1/1974,131.2,116.89,8.97,84.8,45.4951,1.1914
3/1/1974,128.7,114.95,9.35,81.3,45.4952,1.3141
4/1/1974,127.1,112.62,10.51,76.8,45.3625,1.7365
5/1/1974,126.3,112.35,11.31,74.6,45.7241,2.5899
6/1/1974,127.64,113.62,11.93,69.6,45.639,3.0063
7/1/1974,128.77,114.05,12.92,74.6,45.7193,3.3009
8/1/1974,130.85,115.9,12.01,78.1,45.2357,3.3361
9/1/1974,131.33,116.14,11.34,75.4,45.2421,3.2822
10/1/1974,130.7,115.26,10.06,77.4,45.1011,1.813
11/1/1974,130.03,114.3,9.45,77.5,43.6158,1.252
12/1/1974,130.29,114.67,8.53,75.8,42.0553,0.7272
1/1/1975,129.22,113.19,7.13,74.1,41.475,0.3984
2/1/1975,127.66,111.94,6.24,72.1,40.529,0.1473
3/1/1975,126.74,110.94,5.54,70.6,40.0796,0.1058
4/1/1975,128.45,111.4,5.49,73.3,40.1527,0.1103
5/1/1975,128.54,110.89,5.22,76.1,40.0399,0.0659
6/1/1975,128.81,110.99,5.55,76.8,40.2987,0.2271
7/1/1975,131.77,113.82,6.1,79.9,40.7094,0.3011
8/1/1975,134.01,115.25,6.14,79.7,41.1098,0.2114
9/1/1975,134.83,115.27,6.24,81.3,41.638,0.3967
10/1/1975,134.87,114.9,5.82,81.4,41.8171,0.1902
11/1/1975,134.64,115.15,5.22,79.1,41.8764,0.06
12/1/1975,135.56,115.9,5.2,80,42.4484,0.13
1/1/1976,135.18,114.54,4.87,79.5,43.0149,0.0783
2/1/1976,134.58,113.51,4.77,78.7,43.4515,0.0807
3/1/1976,135.4,113.64,4.84,77,43.5359,0.0537
4/1/1976,136,113.24,4.82,79.6,43.7593,0.0445
5/1/1976,136.19,113.5,5.29,79.5,43.9359,0.1145
6/1/1976,136.57,113.99,5.48,81.1,43.9918,0.1265
7/1/1976,135.97,113.44,5.31,81.2,44.2254,0.1326
8/1/1976,135.74,113.48,5.29,78.3,44.5365,0.1004
9/1/1976,135.01,115.53,5.25,79.2,44.6775,0.0618
10/1/1976,135.68,115.77,5.02,77,44.6695,0.0942
11/1/1976,136.49,117.09,4.95,75.7,45.354,0.0721
12/1/1976,137.14,115.52,4.65,79.1,45.8357,0.0531
1/1/1977,136.24,114.2,4.61,79.8,45.5276,0.0681
2/1/1977,136.22,114.87,4.68,82.1,46.2567,0.0715
3/1/1977,136.18,114.72,4.69,83.5,46.8356,0.1034
4/1/1977,135.46,113.92,4.73,85.9,47.2898,0.0732
5/1/1977,135.56,113.59,5.35,84.3,47.6607,0.2064
6/1/1977,135.25,113.4,5.39,79.5,48.0196,0.2624
7/1/1977,133.58,112.06,5.42,78.5,48.0819,0.3229
8/1/1977,134.32,112.17,5.9,75,48.1315,1.0607
9/1/1977,134.65,111.84,6.14,75.1,48.3308,0.6256
10/1/1977,133.02,110.34,6.47,75.1,48.4014,1.3055
11/1/1977,131.21,109.42,6.51,76.6,48.4924,0.8617
12/1/1977,129.1,107.72,6.56,77.7,48.564,0.5695
1/1/1978,127.94,106.65,6.7,79.3,47.8693,0.4839
2/1/1978,127.76,106.28,6.78,82.1,48.1283,0.4055
3/1/1978,126.52,105.42,6.79,84.2,49.0553,0.328
4/1/1978,125.79,104.81,6.89,88.2,50.026,0.5567
5/1/1978,126.96,105.94,7.36,89,50.2717,1.2119
6/1/1978,124.77,104.85,7.6,90.6,50.5939,1.0941
7/1/1978,121.3,102.12,7.81,90.7,50.5499,1.3172
8/1/1978,118.92,100.2,8.04,86.8,50.7622,1.1397
9/1/1978,119.11,100.47,8.45,88.8,50.8856,1.06
10/1/1978,116.63,98.74,8.96,90.5,51.2821,1.2773
11/1/1978,119.12,100.99,9.76,90,51.6737,0.7031
12/1/1978,119.55,101.51,10.03,91.9,51.9404,0.8683
1/1/1979,119.28,101.39,10.07,95,51.6507,1.0026
2/1/1979,120.1,102.45,10.06,99.4,51.9097,0.973
3/1/1979,120.44,102.76,10.09,100.2,52.0667,0.9905
4/1/1979,121.65,103.81,10.01,101.5,51.4548,0.9176
5/1/1979,122.57,104.82,10.24,101.2,51.9061,1.7649
6/1/1979,122.45,105.24,10.29,100.2,51.9067,1.4178
7/1/1979,120.11,103.43,10.47,101.8,51.8258,1.1706
8/1/1979,120.61,104.38,10.94,98.4,51.49,1.0852
9/1/1979,120.8,104.38,11.43,99.5,51.4847,1.3404
10/1/1979,122.46,105.61,13.77,98.9,51.8421,2.0217
11/1/1979,124.55,107.78,13.18,99.1,51.7591,1.9058
12/1/1979,122.61,106.41,13.78,100.1,51.7974,1.4726
1/1/1980,122.33,106.02,13.82,97.6,52.0677,1.2411
2/1/1980,123.63,107.04,14.13,100,52.0899,1.6551
3/1/1980,127.02,110.38,17.19,98.7,51.8687,2.8232
4/1/1980,127.76,110.89,17.61,94.5,50.8454,2.4552
5/1/1980,122.66,106.72,10.98,96.3,49.5947,1.0183
6/1/1980,120.1,104.83,9.47,96.3,48.9621,0.3794
7/1/1980,120.02,103.95,9.03,104.9,48.609,0.3946
8/1/1980,121.44,105.03,9.61,108.9,48.7646,0.6582
9/1/1980,120.09,103.58,10.87,110.2,49.5764,1.3114
10/1/1980,120.28,103.86,12.81,108.8,50.2058,1.3102
11/1/1980,122.76,105.91,15.85,109.3,51.0418,2.0595
12/1/1980,123.77,107.05,18.9,109.5,51.3906,1.6902
1/1/1981,122.64,105.37,19.08,109.1,51.0656,1.3945
2/1/1981,126.14,108.37,15.93,108.3,50.8554,1.3035
3/1/1981,126.84,108.59,14.7,107.6,51.1107,0.9997
4/1/1981,128.95,110,15.72,108.7,50.8864,1.3377
5/1/1981,132.8,113.01,18.52,107.1,51.1788,2.2232
6/1/1981,135.29,115.04,19.1,107.6,51.4496,2.0374
7/1/1981,138.43,118.08,19.04,108.7,51.7764,1.6792
8/1/1981,140.79,120.14,17.82,106.4,51.7129,1.4196
9/1/1981,137.74,117.73,15.87,103.6,51.4605,1.4564
10/1/1981,136.69,116.36,15.08,100.3,51.0625,1.1805
11/1/1981,134.13,114.24,13.31,97.9,50.473,0.6627
12/1/1981,133.92,113.95,12.37,96.8,49.9364,0.6363
1/1/1982,135.85,114.84,13.22,99.9,48.9114,1.5175
2/1/1982,139.89,119.02,14.78,102,49.9102,1.7895
3/1/1982,141.88,122.57,14.68,101,49.5691,1.5548
4/1/1982,143.48,123.11,14.94,103.4,49.1146,1.5678
5/1/1982,140.99,121.02,14.45,105.8,48.7805,1.1174
6/1/1982,147.28,126.66,14.15,104.3,48.6606,1.2046
7/1/1982,148.81,128.08,12.59,101.8,48.4863,0.6914
8/1/1982,149.38,131.69,10.12,99.4,48.0569,0.5154
9/1/1982,150.31,130.07,10.31,96.8,47.9303,0.9333
10/1/1982,152.64,131.32,9.71,94.6,47.4738,0.4774
11/1/1982,152.95,130.78,9.2,95.2,47.32,0.6208
12/1/1982,147.77,128.43,8.95,96,46.9813,0.6339
1/1/1983,145.76,128.88,8.68,96.2,47.8523,0.5294
2/1/1983,147.43,129.48,8.51,99.3,47.5667,0.5824
3/1/1983,148.55,129.25,8.77,99.6,47.9599,0.7923
4/1/1983,149.09,129.51,8.8,103.4,48.5564,1.0093
5/1/1983,148.74,129.12,8.63,103.3,48.8647,0.9524
6/1/1983,151.31,130.92,8.98,102.1,49.1558,1.6359
7/1/1983,152.1,131.4,9.37,100.8,49.8873,1.4528
8/1/1983,154.52,133.06,9.56,104.6,50.4843,1.5461
9/1/1983,154.46,132.64,9.45,105.8,51.216,1.4408
10/1/1983,151.94,130.12,9.48,105.3,51.6139,0.8437
11/1/1983,153.47,131.28,9.34,103.6,51.842,0.905
12/1/1983,155.28,132.6,9.47,104.8,52.0948,0.7739
1/1/1984,156.48,133.33,9.56,108.7,53.1348,0.7151
2/1/1984,154.82,131.63,9.59,107.9,53.3763,0.5672
3/1/1984,152.16,129.3,9.91,110.3,53.6314,0.9515
4/1/1984,153.36,130.22,10.29,109.5,53.9491,1.2338
5/1/1984,156.75,132.72,10.32,107.6,54.2396,2.9884
6/1/1984,157.62,133.53,11.06,106.1,54.4288,3.3003
7/1/1984,162.21,137.27,11.23,106.7,54.5865,5.9242
8/1/1984,162.09,137.69,11.64,104.5,54.653,8.0168
9/1/1984,165.5,140.14,11.3,103.1,54.4949,7.2418
10/1/1984,167.11,141.12,9.99,99.1,54.4772,6.017
11/1/1984,165.08,139.32,9.43,101.4,54.6594,4.6173
12/1/1984,168.35,141.45,8.38,101.4,54.6892,3.1862
1/1/1985,171.42,143.01,8.35,100.4,54.6505,1.3949
2/1/1985,176.06,146.56,8.5,101.2,54.8169,1.289
3/1/1985,176.93,147.09,8.58,98.5,54.8978,1.593
4/1/1985,170.63,142.18,8.27,97.7,54.7833,1.3227
5/1/1985,171.36,142.98,7.97,95.1,54.8704,1.3339
6/1/1985,169.56,141.76,7.53,94.7,54.8401,1.2047
7/1/1985,164.54,140.09,7.88,94.6,54.5582,1.1067
8/1/1985,162.36,138.79,7.9,90,54.7381,1.0727
9/1/1985,163.77,140.33,7.92,87.8,54.9416,1.2889
10/1/1985,156,134.46,7.99,90.7,54.7538,1.1872
11/1/1985,153.33,134.26,8.05,95.1,54.939,1.7406
12/1/1985,152.5,132.69,8.27,95.8,55.4945,1.3184
1/1/1986,151.42,130.44,8.14,93.8,55.7802,0.7705
2/1/1986,146.5,125.76,7.86,91.5,55.3994,0.8835
3/1/1986,143.79,122.87,7.48,90.9,55.0001,0.7607
4/1/1986,142.58,121.44,6.99,90.2,55.0641,0.8925
5/1/1986,139.94,119.43,6.85,93.7,55.1705,0.876
6/1/1986,140.68,121.39,6.92,91.8,54.9588,0.803
7/1/1986,137.43,118.46,6.56,94.3,55.2944,0.7405
8/1/1986,135.32,116.88,6.17,93.7,55.2029,0.8724
9/1/1986,135.12,116.96,5.89,92.5,55.3511,1.0084
10/1/1986,135.16,117.02,5.85,93.8,55.5857,0.8415
11/1/1986,136.96,118.59,6.04,95,55.803,0.7517
12/1/1986,135.89,117.59,6.91,93.8,56.3441,0.8265
1/1/1987,130.81,113.91,6.43,91.1,56.1259,0.5799
2/1/1987,129.14,112.7,6.1,92,56.8779,0.5564
3/1/1987,127.8,111.88,6.13,92.2,56.9516,0.5274
4/1/1987,124.88,109.28,6.37,95.7,57.3177,0.9928
5/1/1987,123.68,108.28,6.85,99.9,57.6774,1.0354
6/1/1987,125.03,109.59,6.73,98.8,57.9875,0.7764
7/1/1987,126.59,110.86,6.58,97.9,58.379,0.6723
8/1/1987,126.13,110.58,6.73,95.7,58.8171,0.6472
9/1/1987,123.7,108.66,7.22,96.1,59.0391,0.9401
10/1/1987,123.31,108.21,7.29,94.9,59.834,0.9428
11/1/1987,118.83,105.14,6.69,96.3,60.1367,0.6248
12/1/1987,115.57,102.63,6.77,95.7,60.4739,0.7774
1/1/1988,115.32,101.64,6.83,97.3,60.4594,1.0816
2/1/1988,116.3,101.97,6.58,97.9,60.7643,0.3963
3/1/1988,114.49,100.33,6.58,98.2,60.8948,1.7518
4/1/1988,113.23,99.25,6.87,99.2,61.2475,2.9934
5/1/1988,113.45,99.31,7.09,102.2,61.1353,2.5776
6/1/1988,115.11,100.76,7.51,106.8,61.2995,3.0828
7/1/1988,118.17,103.4,7.75,109.1,61.311,3.4399
8/1/1988,119.36,104.4,8.01,109.3,61.6234,3.2408
9/1/1988,119.56,104.82,8.19,111.6,61.4255,2.8393
10/1/1988,116.55,102.29,8.3,110.9,61.694,2.2992
11/1/1988,113.44,99.65,8.35,107.9,61.8494,2.8612
12/1/1988,112.92,99.16,8.76,108.9,62.1171,1.7156
1/1/1989,115.05,100.98,9.12,112,62.3103,1.6489
2/1/1989,115.54,101.48,9.36,110.8,62.0353,1.4867
3/1/1989,116.77,102.68,9.85,113.8,62.195,1.8127
4/1/1989,117.06,102.73,9.84,111,62.1753,2.2893
5/1/1989,120.09,105.14,9.81,115.1,61.8321,1.7201
6/1/1989,122.45,107.12,9.53,111.8,61.8246,1.49
7/1/1989,119.58,104.89,9.24,110.5,61.2285,0.6939
8/1/1989,120.06,105.3,8.99,109.3,61.8334,0.6748
9/1/1989,121.65,106.32,9.02,108,61.6221,0.693
10/1/1989,119.45,104.49,8.84,107.8,61.5537,0.5554
11/1/1989,119.34,104.89,8.55,109,61.7575,0.3493
12/1/1989,117.68,103.42,8.45,111.5,62.1111,0.2654
1/1/1990,116.9,102.9,8.23,114.9,61.7781,0.4399
2/1/1990,117.01,103.03,8.24,115.7,62.3426,1.4479
3/1/1990,119.22,104.94,8.28,115.3,62.6446,2.1235
4/1/1990,119.44,104.67,8.26,113.3,62.5104,1.6086
5/1/1990,118.07,103.25,8.18,113.7,62.6898,1.3315
6/1/1990,118.31,103.83,8.29,113.6,62.8923,0.8814
7/1/1990,115.49,101.75,8.15,113.8,62.7933,0.7575
8/1/1990,113.04,100.11,8.13,111.4,63.0241,0.9269
9/1/1990,111.65,98.96,8.2,109.2,63.0328,0.6244
10/1/1990,108.69,96.45,8.11,109.5,62.6466,0.4103
11/1/1990,107.91,95.84,7.81,108.5,61.8681,0.2301
12/1/1990,109.3,96.81,7.31,107.2,61.4345,0.3255
1/1/1991,109.41,96.34,6.91,106.9,61.2241,0.534
2/1/1991,107.98,94.94,6.25,106.9,60.779,0.252
3/1/1991,112.62,98.54,6.12,109.7,60.4377,0.241
4/1/1991,114.62,99.76,5.91,109.6,60.5982,0.2312
5/1/1991,115.14,99.99,5.78,110.4,61.2041,0.303
6/1/1991,117.13,101.68,5.9,109.1,61.6923,0.3398
7/1/1991,116.85,101.33,5.82,105.6,61.8569,0.6066
8/1/1991,115.49,100.29,5.66,102.9,61.8681,0.7642
9/1/1991,113.74,99.15,5.45,103.1,62.3855,0.6453
10/1/1991,112.66,97.96,5.21,101.5,62.3229,0.2607
11/1/1991,110.94,96.4,4.81,101.6,62.2427,0.108
12/1/1991,109.68,95.51,4.43,100.6,61.9705,0.1921
1/1/1992,109.37,95.06,4.03,102.8,61.6471,0.2335
2/1/1992,111.39,96.71,4.06,105.5,62.0794,0.0774
3/1/1992,113.98,98.84,3.98,106.4,62.5955,0.0911
4/1/1992,113.62,98.09,3.73,103.2,63.0726,0.09
5/1/1992,112.32,97.02,3.82,105.8,63.2761,0.1546
6/1/1992,110.31,95.63,3.76,104.7,63.3102,0.2292
7/1/1992,108.06,94.11,3.25,102.5,63.8769,0.2843
8/1/1992,107.51,93.74,3.3,102.2,63.5221,0.2505
9/1/1992,107.94,93.92,3.22,101.6,63.7217,0.2874
10/1/1992,110.25,96.04,3.1,102.7,64.1556,0.1428
11/1/1992,114.3,99.33,3.09,101.8,64.4144,0.1041
12/1/1992,114.56,99.34,2.92,103.7,64.5161,0.1236
1/1/1993,115.85,100.36,3.02,104.3,64.7738,0.1655
2/1/1993,115.82,100.27,3.03,104.4,65.0805,0.0453
3/1/1993,114.52,99.35,3.07,106.4,65.0176,0.0915
4/1/1993,112.12,97.27,2.96,109.7,65.2041,0.0732
5/1/1993,111.92,97.15,3,111,64.9433,0.1214
6/1/1993,112.4,97.43,3.04,104.3,65.0984,0.1814
7/1/1993,113.98,98.55,3.06,105.4,65.2554,0.2439
8/1/1993,113.7,98.37,3.03,106.6,65.1946,0.3522
9/1/1993,113.09,97.87,3.09,106.3,65.5282,0.4276
10/1/1993,114.01,98.82,2.99,104.2,66.0152,0.2852
11/1/1993,115.14,99.8,3.02,110.1,66.3292,0.0895
12/1/1993,115.93,100.14,2.96,113,66.7038,0.082
1/1/1994,116.2,100.41,3.05,112,66.9164,0.0734
2/1/1994,115.19,99.84,3.25,112.3,66.9642,0.0704
3/1/1994,114.61,100.04,3.34,112.8,67.6335,0.0551
4/1/1994,114.56,100.01,3.56,111.5,68.0334,0.1242
5/1/1994,113.85,99.24,4.01,108.7,68.3531,0.2001
6/1/1994,113.04,99.01,4.25,107.2,68.8002,0.3334
7/1/1994,110.71,97.46,4.26,102.8,68.8863,0.458
8/1/1994,110.86,97.48,4.47,101,69.3412,0.4686
9/1/1994,109.55,96.54,4.73,101.3,69.5574,0.4867
10/1/1994,108.51,95.76,4.76,98.8,70.119,0.3804
11/1/1994,109.09,96.29,5.29,101.4,70.5942,0.2491
12/1/1994,110.92,99.04,5.45,105.5,71.2814,0.209
1/1/1995,110.55,101.99,5.53,103.6,71.4303,0.1358
2/1/1995,109.53,101,5.92,104.9,71.3343,0.0594
3/1/1995,105.78,99.21,5.98,105.1,71.4451,0.0689
4/1/1995,102.39,94.76,6.05,104.8,71.3289,0.1107
5/1/1995,102.88,94.4,6.01,102.6,71.66,0.1499
6/1/1995,102.89,94.6,6,104.2,71.8967,0.2724
7/1/1995,103.22,94.61,5.85,106.2,71.5924,0.3713
8/1/1995,106.47,97.44,5.74,105.1,72.5339,0.282
9/1/1995,108.43,98.88,5.8,110.7,72.8247,0.2775
10/1/1995,107.35,98.87,5.76,110.2,72.713,0.2454
11/1/1995,107.86,100.25,5.8,115.4,72.8884,0.2043
12/1/1995,108.71,100.53,5.6,116.5,73.1429,0.2574
1/1/1996,110.07,101.27,5.56,116.4,72.7471,0.038
2/1/1996,110.26,101.33,5.22,116.6,73.7871,0.0346
3/1/1996,110.23,101.37,5.31,119.5,73.6749,0.0211
4/1/1996,110.8,101.28,5.22,121.7,74.4153,0.0906
5/1/1996,111.31,101.39,5.24,128.1,74.9718,0.1273
6/1/1996,111.71,101.78,5.27,129.6,75.5317,0.3864
7/1/1996,111.46,101.8,5.4,129.9,75.5323,0.3677
8/1/1996,110.9,101,5.22,128.6,75.9129,0.3337
9/1/1996,111.62,101.54,5.3,125.1,76.4032,0.3676
10/1/1996,112,102.21,5.24,120.2,76.3931,0.2871
11/1/1996,110.93,101.61,5.31,117.9,77.0672,0.214
12/1/1996,112.58,102.35,5.29,114.8,77.5543,0.1547
1/1/1997,114.28,103.5,5.25,113,77.6945,0.045
2/1/1997,117.23,105.68,5.19,113,78.612,0.0421
3/1/1997,118.22,106.82,5.39,116.2,79.1021,0.1563
4/1/1997,119.5,107.2,5.51,116.7,79.1683,0.2606
5/1/1997,117.56,105.31,5.5,117.4,79.6084,0.2432
6/1/1997,117.06,104.85,5.56,111.6,79.9802,0.367
7/1/1997,118.05,105.56,5.52,111.6,80.6492,0.4091
8/1/1997,120.63,107.3,5.54,111.4,81.4548,0.5976
9/1/1997,120.46,106.99,5.54,111.2,82.212,0.4379
10/1/1997,120.14,107.01,5.5,111,82.9309,0.2696
11/1/1997,121.93,109.06,5.52,111,83.5919,0.1528
12/1/1997,126.92,112.22,5.5,110.3,83.9696,0.3245
1/1/1998,129.56,114.1,5.56,106.3,84.3467,0.2099
2/1/1998,127.75,113,5.51,106.3,84.4865,0.0578
3/1/1998,127.38,112.72,5.49,107.4,84.5212,0.0414
4/1/1998,127.76,112.8,5.45,106.5,84.8275,0.0721
5/1/1998,128.58,113.48,5.49,105.8,85.3596,0.1526
6/1/1998,130.79,115.74,5.56,105.7,84.8466,0.2507
7/1/1998,131.03,116.07,5.54,105,84.5061,0.2578
8/1/1998,133.24,118.58,5.55,102.9,86.2464,0.2707
9/1/1998,129.08,116.36,5.51,102,86.1707,0.2507
10/1/1998,124.45,112.44,5.07,104.8,86.7671,0.1738
11/1/1998,124.96,112.32,4.83,103.1,86.6929,0.0834
12/1/1998,123.67,111.01,4.68,99,87.0633,0.1168
1/1/1999,122.52,110.58,4.63,102.2,87.4252,0.2058
2/1/1999,124.36,111.45,4.76,98.3,87.926,0.1155
3/1/1999,127.02,112.97,4.81,99.2,88.1101,0.0647
4/1/1999,126.9,112.55,4.74,96.5,88.3106,0.1664
5/1/1999,126.87,112.23,4.74,99.6,88.8487,0.1273
6/1/1999,127.55,112.91,4.76,99.2,88.7978,0.1447
7/1/1999,127.98,113.27,4.99,95.2,89.3119,0.3091
8/1/1999,125.57,111.38,5.07,99,89.7109,0.3438
9/1/1999,124.06,110.3,5.22,99.3,89.3331,0.3382
10/1/1999,122.88,109.78,5.2,97.5,90.4924,0.2813
11/1/1999,123.68,110.14,5.42,97.8,90.965,0.2356
12/1/1999,123.96,110.14,5.3,96.9,91.6804,0.3203
1/1/2000,123.55,110.17,5.45,95.9,91.6261,0.3736
2/1/2000,126.09,112.11,5.73,97.5,91.9626,0.1079
3/1/2000,126.38,112.65,5.85,100.6,92.3118,0.1791
4/1/2000,126.89,113.15,6.02,101.6,92.8872,0.304
5/1/2000,130.59,116.03,6.27,103.7,93.162,0.362
6/1/2000,127.76,114.75,6.53,100.1,93.2168,0.4793
7/1/2000,128.67,114.84,6.54,97.3,93.04,0.5696
8/1/2000,130.49,115.66,6.5,94.6,92.79,0.5789
9/1/2000,132.09,117.05,6.52,98,93.1547,0.4774
10/1/2000,134.18,118.99,6.51,100.3,92.8361,0.4184
11/1/2000,135.45,119.67,6.51,101.5,92.8395,0.2831
12/1/2000,134.09,118.19,6.4,103.4,92.5334,0.2096
1/1/2001,133.09,118.89,5.98,104.5,92.0304,0.073
2/1/2001,134.17,119.98,5.49,103.6,91.4079,0.0511
3/1/2001,137.32,121.97,5.31,107.3,91.1751,0.0577
4/1/2001,139.14,122.63,4.8,106,90.8767,0.0507
5/1/2001,139.02,122.21,4.21,106.8,90.375,0.2131
6/1/2001,140.16,123.08,3.97,105.9,89.8626,0.2294
7/1/2001,140.51,123.43,3.77,105,89.3288,0.283
8/1/2001,137.62,121.02,3.65,105.5,89.2201,0.1832
9/1/2001,137.08,121.42,3.07,105.3,88.7478,3.3849
10/1/2001,138.25,121.72,2.49,101.2,88.4755,0.1272
11/1/2001,139.77,122.76,2.09,97.3,87.9631,0.084
12/1/2001,140.37,122.5,1.82,96.6,87.9329,0.0668
1/1/2002,142.74,124.26,1.73,99.9,88.5452,0.0496
2/1/2002,143.63,125.04,1.74,101.8,88.5362,0.0299
3/1/2002,142.52,124.34,1.73,104.4,89.2097,0.0789
4/1/2002,141.54,123.91,1.75,94.3,89.6389,0.0707
5/1/2002,137.61,121.49,1.75,96.6,90.0271,0.112
6/1/2002,134.1,119.33,1.75,96.2,90.7645,0.1423
7/1/2002,130.9,117.02,1.73,97.9,90.7437,0.1914
8/1/2002,132.6,118.5,1.74,99.7,90.6268,0.3333
9/1/2002,133,119.19,1.75,99.8,90.7241,0.2291
10/1/2002,133.97,119.93,1.75,99.1,90.4879,0.1427
11/1/2002,132.03,118.44,1.34,99.1,90.9823,0.2715
12/1/2002,131.02,117.32,1.24,99.1,90.4919,0.0797
1/1/2003,127.65,115.69,1.24,104.1,91.2395,0.0269
2/1/2003,126.72,116.08,1.26,104.6,91.3384,0.0252
3/1/2003,126.05,115.73,1.25,104,91.069,0.0217
4/1/2003,125.93,114.83,1.26,105.6,90.4913,0.0294
5/1/2003,120.32,109.82,1.26,109.2,90.4697,0.0555
6/1/2003,119.37,109.69,1.22,107.3,90.5899,0.1615
7/1/2003,121.18,111.19,1.01,105.5,91.0614,0.1304
8/1/2003,122.62,112.99,1.03,109,90.8452,0.3287
9/1/2003,120.57,111.62,1.01,116.1,91.4453,0.1805
10/1/2003,116.49,108.61,1.01,124.4,91.5595,0.1073
11/1/2003,116.15,107.89,1,123.7,92.1763,0.0681
12/1/2003,113.66,105.74,0.98,124.3,92.2532,0.0458
1/1/2004,111.55,104.05,1,117.4,92.4067,0.106
2/1/2004,111.89,104.82,1.01,120.4,92.9687,0.0419
3/1/2004,113.72,106.5,1,129.1,92.6,0.0513
4/1/2004,114.61,107.62,1,129.6,92.9761,0.0859
5/1/2004,116.55,109.87,1,135.1,93.6446,0.1117
6/1/2004,114.97,108.69,1.03,129.7,92.9303,0.1802
7/1/2004,113.69,107.65,1.26,124.4,93.6109,0.2446
8/1/2004,114.17,107.8,1.43,119,93.6958,0.2514
9/1/2004,113.4,107.22,1.61,118.7,93.7958,0.335
10/1/2004,111.18,105.48,1.76,119.2,94.6226,0.1793
11/1/2004,106.88,101.96,1.93,118,94.8491,0.1831
12/1/2004,105.51,100.22,2.16,118.4,95.5841,0.0628
1/1/2005,106.49,101.54,2.28,118.8,95.9285,0.062
2/1/2005,107.2,102.24,2.5,117.6,96.6287,0.0418
3/1/2005,105.95,101.53,2.63,123,96.4907,0.0493
4/1/2005,107.7,103.25,2.79,120.7,96.6809,0.1315
5/1/2005,108.84,103.77,3,121.5,96.7925,0.1392
6/1/2005,110.78,105.18,3.04,118.3,97.19,0.2489
7/1/2005,111.97,106.26,3.26,116.3,96.8981,0.4247
8/1/2005,110.15,105.07,3.5,114.5,97.2223,0.3623
9/1/2005,109.83,105.71,3.62,116.8,95.3463,0.3321
10/1/2005,111.65,107.47,3.78,115.7,96.4981,0.2836
11/1/2005,113.31,107.82,4,117.5,97.5646,0.126
12/1/2005,112.3,106.29,4.16,121.1,98.0222,0.1688
1/1/2006,110.29,105.27,4.29,117.4,98.2044,0.11
2/1/2006,111.04,105.93,4.49,111.9,98.2404,0.0525
3/1/2006,111,106.52,4.59,111,98.4742,0.169
4/1/2006,109.51,106.13,4.79,111.3,98.7765,0.2477
5/1/2006,105.6,103.28,4.94,109.8,98.7884,0.1747
6/1/2006,106.89,104.98,4.99,113.8,99.1069,0.2528
7/1/2006,107.25,104.99,5.24,115.5,99.0357,0.3505
8/1/2006,106.59,104.18,5.25,118.5,99.4583,0.3689
9/1/2006,106.97,104.08,5.25,120.3,99.2544,0.4032
10/1/2006,107.98,104.21,5.25,123.2,99.1514,0.2287
11/1/2006,106.73,103.02,5.25,124.5,99.0974,0.1596
12/1/2006,105.75,101.97,5.24,127,100.1117,0.1911
1/1/2007,107.63,104.15,5.25,127.1,99.7226,0.2109
2/1/2007,107.36,104.23,5.26,137.5,100.6919,0.0295
3/1/2007,106.36,104.04,5.26,140.6,100.8857,0.054
4/1/2007,104.77,102.77,5.25,141.3,101.5777,0.0794
5/1/2007,104.16,102.47,5.25,142.7,101.6481,0.1034
6/1/2007,103.91,102.47,5.25,141.8,101.6741,0.1873
7/1/2007,102.24,100.99,5.26,143.4,101.5627,0.262
8/1/2007,102.26,100.98,5.02,140.4,101.7751,0.975
9/1/2007,100.4,99.35,4.94,146.8,102.0279,1.5667
10/1/2007,97.99,96.93,4.76,148.2,101.7289,0.2542
11/1/2007,95.75,95.38,4.49,151,102.3185,0.3657
12/1/2007,97.52,96.55,4.24,159.6,102.3074,15.4305
1/1/2008,96.79,96.61,3.94,164.2,102.1686,45.6596
2/1/2008,96.18,95.84,2.98,164.4,101.7673,60.157
3/1/2008,93.29,93.66,2.61,169.6,101.3986,94.5234
4/1/2008,93.42,93.59,2.28,166.7,100.7238,135.4097
5/1/2008,94.14,94.31,1.98,169.7,100.1399,155.7803
6/1/2008,94.87,95.19,2,176.2,99.9141,171.2781
7/1/2008,94.14,94.69,2.01,174.3,99.4943,165.6636
8/1/2008,98.09,97.29,2,164.7,97.9367,168.0784
9/1/2008,100.43,99.74,1.81,163.5,93.6585,290.1052
10/1/2008,106.91,107.14,0.97,145.3,94.5845,648.3194
11/1/2008,110.37,108.79,0.39,143.1,93.3455,698.7856
12/1/2008,107.73,106.26,0.16,133.9,90.7183,653.5653
1/1/2009,108.05,107.98,0.15,136.4,88.4683,563.4964
2/1/2009,110.96,111.57,0.22,132.8,87.936,582.4972
3/1/2009,111.7,112.21,0.18,130.6,86.5503,612.1111
4/1/2009,109.45,108.77,0.15,136.8,85.8598,558.194
5/1/2009,104.9,104.79,0.18,137.8,84.9991,525.4481
6/1/2009,102.86,104.02,0.21,142.1,84.7277,438.7224
7/1/2009,102.28,103.63,0.16,131.6,85.7091,366.9614
8/1/2009,100.69,101.77,0.16,130.1,86.6333,331.4496
9/1/2009,99,100.85,0.15,126.8,87.3615,306.8265
10/1/2009,97.24,99.13,0.12,133.2,87.5488,265.0578
11/1/2009,96.66,98.36,0.12,135.5,87.9144,217.307
12/1/2009,97.57,98.55,0.12,141.5,88.2318,169.927
1/1/2010,98.17,99.25,0.11,142.5,89.1936,142.1424
2/1/2010,100.22,100.8,0.13,142.3,89.5089,111.227
3/1/2010,99.82,99.92,0.16,150.3,90.1449,91.6442
4/1/2010,99.9,99.44,0.2,149.1,90.474,80.225
5/1/2010,103.77,103.4,0.2,150,91.7131,75.6257
6/1/2010,104.84,104.25,0.18,141.6,91.9287,69.8974
7/1/2010,102.12,102.19,0.18,146.8,92.2737,65.8468
8/1/2010,100.85,101.03,0.19,148.4,92.615,60.0835
9/1/2010,99.73,99.92,0.19,154.1,92.8668,52.5207
10/1/2010,96.09,96.14,0.19,157.4,92.6138,48.5729
11/1/2010,96.63,96.34,0.19,162.1,92.6772,46.6891
12/1/2010,97.86,97.31,0.18,166.8,93.5741,45.4883
1/1/2011,96.62,96.33,0.17,173.3,93.3793,32.2464
2/1/2011,95.57,95.52,0.16,189.8,93.0051,21.9329
3/1/2011,94.25,94.64,0.14,185.1,93.978,19.8818
4/1/2011,92.59,93.15,0.1,191.1,93.6525,17.8424
5/1/2011,92.49,93.36,0.09,186,93.7878,15.1458
6/1/2011,92.44,93.59,0.09,192.6,94.0378,13.2433
7/1/2011,91.8,92.94,0.07,188.4,94.5146,12.3954
8/1/2011,91.69,93.75,0.1,192.2,95.1263,11.834
9/1/2011,94.46,97.04,0.08,190.3,95.0732,11.5749
10/1/2011,95.43,97.94,0.07,183.5,95.7291,11.2103
11/1/2011,96,98.49,0.08,186.7,95.7455,10.3407
12/1/2011,97.16,99.08,0.07,181.3,96.2147,9.5262
1/1/2012,97.35,99.16,0.08,184.7,96.8051,8.6141
2/1/2012,95.97,97.27,0.1,185.7,97.1033,7.9332
3/1/2012,96.76,98.05,0.13,191.1,96.5973,7.3297
4/1/2012,96.6,98.45,0.14,187,97.3006,6.8648
5/1/2012,98.07,100.48,0.16,185.1,97.5046,6.1868
6/1/2012,99.39,101.95,0.16,184.7,97.4903,5.214
7/1/2012,99.44,101.11,0.16,193.9,97.7234,4.2581
8/1/2012,98.32,100.16,0.13,199.4,97.313,3.2707
9/1/2012,96.34,98.21,0.14,200.2,97.2405,1.9651
10/1/2012,96.23,97.79,0.16,198.2,97.561,1.4657
11/1/2012,97.15,98.4,0.16,199.8,97.9589,1.0513
12/1/2012,96.48,97.2,0.16,200,98.2061,0.7954
1/1/2013,97.11,97.94,0.14,202.7,98.199,0.5652
2/1/2013,98.41,99.32,0.15,197.5,98.6835,0.4648
3/1/2013,100.46,100.48,0.14,203.8,99.0994,0.3941
4/1/2013,100.62,100.01,0.15,196.1,98.9898,0.4005
5/1/2013,101.45,100.97,0.11,203,99.0782,0.4102
6/1/2013,100.72,101.58,0.09,203.1,99.2141,0.351
7/1/2013,101.8,102.31,0.09,200.7,98.9132,0.3594
8/1/2013,100.69,101.6,0.08,191.4,99.4891,0.3169
9/1/2013,100.19,101.15,0.08,188,100.0172,0.2735
10/1/2013,98.88,99.73,0.09,186.3,99.9038,0.2378
11/1/2013,99.97,100.33,0.08,186,100.1479,0.1798
12/1/2013,100.27,100.3,0.09,184.8,100.3576,0.1703
1/1/2014,101.36,101.95,0.07,188.6,99.9828,0.1273
2/1/2014,101.2,101.98,0.07,191.5,100.7485,0.1042
3/1/2014,100.83,101.7,0.08,204.1,101.7391,0.1047
4/1/2014,100.33,101.07,0.09,211,101.8023,0.1166
5/1/2014,100.03,100.91,0.09,208.8,102.2116,0.1388
6/1/2014,100.28,101.29,0.1,205.5,102.5637,0.1794
7/1/2014,100.1,101.26,0.09,199.3,102.8425,0.2305
8/1/2014,101.55,102.33,0.09,191.3,102.6499,0.2784
9/1/2014,103.93,104.18,0.09,193.1,102.9647,0.3001
10/1/2014,105.65,105.59,0.09,191.5,102.9704,0.2211
11/1/2014,108.23,107.33,0.09,196.1,103.6017,0.1304
12/1/2014,109.97,109.59,0.12,187.9,103.592,0.1017
1/1/2015,113.41,112.71,0.11,180.7,102.798,0.0661
2/1/2015,115.54,114.8,0.11,173.2,102.1554,0.0183
3/1/2015,118.39,117.55,0.11,175.5,101.8077,0.02
4/1/2015,117.5,116.98,0.12,175.8,101.2285,0.0515
5/1/2015,115.46,115.83,0.12,179,100.7536,0.0871
6/1/2015,116.25,117.08,0.13,181.6,100.4529,0.1497
7/1/2015,118.65,119.92,0.13,178.9,101.11,0.1856
8/1/2015,119.28,121.08,0.14,178.2,100.8802,0.235
9/1/2015,119.16,121.06,0.14,170.7,100.608,0.2556
10/1/2015,118.24,119.69,0.12,167.1,100.151,0.1941
11/1/2015,121.38,122.14,0.12,164.4,99.3817,0.1152
12/1/2015,121.76,122.68,0.24,160.4,98.8572,0.1055
1/1/2016,123.18,126,0.34,166.5,99.4086,0.0768
2/1/2016,120.95,124.48,0.38,163.6,98.8946,0.034
3/1/2016,118.93,121.62,0.36,161.9,98.1385,0.0214
4/1/2016,116.12,119.57,0.37,158.9,98.4364,0.0628
5/1/2016,116.65,121.25,0.37,162.7,98.2096,0.0788
6/1/2016,116.34,121.95,0.38,166.7,98.6766,0.1295
7/1/2016,117.41,122.69,0.39,160.8,98.8371,0.2045
8/1/2016,115.91,121.34,0.4,152.9,98.7302,0.2071
9/1/2016,116.23,122.46,0.4,149.2,98.6287,0.2063
10/1/2016,118.32,123.51,0.4,140.7,98.7126,0.1245
11/1/2016,120.78,126.97,0.41,147.6,98.3004,0.0392
12/1/2016,123.21,129.34,0.54,153.1,98.9063,0.039
1/1/2017,122.34,130.08,0.65,156.1,98.7349,0.016
2/1/2017,120.96,127.57,0.66,160.3,98.4178,0.0205
3/1/2017,121.41,126.23,0.79,162.8,99.0726,0.0122
4/1/2017,120.72,124.88,0.9,165.5,100.0545,0.0453
5/1/2017,119.78,124.21,0.91,167.3,100.139,0.0555
6/1/2017,118.29,122.13,1.04,167.6,100.3148,0.0952
7/1/2017,116.03,119.83,1.15,169.4,100.1418,0.1658
8/1/2017,114.29,118.39,1.16,158.2,99.6878,0.2197
9/1/2017,113.09,117.73,1.15,156.1,99.7829,0.2238
10/1/2017,114.86,120.22,1.15,156.3,101.0401,0.1509
11/1/2017,115.08,120.28,1.16,161.6,101.226,0.0648
12/1/2017,114.46,119.7,1.3,160.5,101.3878,0.0754
1/1/2018,111.63,117.77,1.41,160.6,101.345,0.0579
2/1/2018,110.86,116.82,1.42,162.3,101.7068,0.0203
3/1/2018,111.36,117.07,1.51,169.1,102.2785,0.016
4/1/2018,111.48,117.13,1.69,163.7,103.434,0.0506
5/1/2018,114.27,121.25,1.7,167.9,102.4735,0.0939
6/1/2018,115.62,123.38,1.82,166.2,103.2508,0.1432
7/1/2018,116.3,122.1,1.91,161,103.4588,0.2241
8/1/2018,116.74,121.93,1.91,152.7,104.1802,0.2606
9/1/2018,116.33,121.71,1.95,149.7,104.1665,0.2902
10/1/2018,117.29,122.56,2.19,153.4,104.0476,0.2092
11/1/2018,118.17,124.47,2.2,158,103.9603,0.0966
12/1/2018,118.51,124.12,2.27,165.9,103.869,0.0757
1/1/2019,117.51,122.69,2.4,161.7,103.2684,0.0262
2/1/2019,117.74,123,2.4,160.6,102.8157,0.019
3/1/2019,118.37,123.69,2.41,160.4,102.9,0.015
4/1/2019,118.88,123.93,2.42,162.9,102.3826,0.0296
5/1/2019,119.65,124.88,2.39,161.5,102.5756,0.0557
6/1/2019,118.51,124.19,2.38,165.8,102.5928,0.0796
7/1/2019,118.48,124.02,2.4,164.2,102.2012,0.1201
8/1/2019,119.52,125.65,2.13,156.8,102.9086,0.1169
9/1/2019,119.87,125.8,2.04,151.5,102.579,0.1015
10/1/2019,119.37,125.04,1.83,161.1,101.7775,0.0628
11/1/2019,119.22,124.78,1.55,165.6,102.0979,0.0261
12/1/2019,118.65,123.67,1.55,166.3,101.7632,0.0214
1/1/2020,118.38,123.61,1.55,169.5,101.303,0.0058
2/1/2020,120.2,125.24,1.58,160.8,101.7038,0.0032
3/1/2020,121.29,130.52,0.65,157.5,97.8746,40.5537
4/1/2020,122.37,133.27,0.05,140.4,84.959,124.4606
5/1/2020,121.91,131.8,0.05,148.8,86.3345,111.8446
6/1/2020,119.14,128.25,0.08,151.4,91.7523,97.6714
7/1/2020,117.79,127.81,0.09,151.4,95.2439,92.9433
8/1/2020,115.24,125.75,0.1,149,96.1173,83.1256
9/1/2020,115.28,125.2,0.09,157,96.0711,78.3871
10/1/2020,114.93,124.21,0.09,169.9,96.825,74.0587
11/1/2020,113.81,122.22,0.09,173,97.1183,66.5975
12/1/2020,111.53,119.66,0.09,166.3,98.138,58.6846
1/1/2021,111.15,119.27,0.09,178.8,99.2645,52.5908
2/1/2021,111.57,120.31,0.08,182.5,96.2231,53.4758
3/1/2021,112.89,122.24,0.07,184.3,98.8621,57.9503
4/1/2021,112.43,121.53,0.07,192.8,99.0246,66.8052
5/1/2021,110.78,120.64,0.06,211.7,99.7785,80.7817
6/1/2021,111.48,122.06,0.08,207,100.1923,87.746
7/1/2021,113.41,123.94,0.1,201.463,100.8724,87.6211
8/1/2021,113.78,124.29,0.09,202.896,100.837,80.7667
9/1/2021,114.08,124.34,0.08,197.868,99.8498,68.5677
10/1/2021,114.71,125.7,0.08,197.416,101.3602,54.5588
11/1/2021,115.95,127.24,0.08,206.125,101.961,45.3176
12/1/2021,117,128.3,0.08,213.525,101.7587,38.0822
1/1/2022,116.66,127.98,0.08,220.224,102.146,32.0551
2/1/2022,116.88,128.24,0.08,230.899,102.8987,28.7146
3/1/2022,118.96,130.18,0.2,250.299,103.6218,26.2058
4/1/2022,121.16,131.31,0.33,261.884,104.3022,23.9603
5/1/2022,123.94,134.17,0.77,263.817,104.2103,21.8827
6/1/2022,124.8,135.8,1.21,261.343,104.2229,21.4228
7/1/2022,127.74,138.69,1.68,255.465,104.8075,
